Designator,Footprint,Quantity,Value,LCSC Part #
BZ1,Buzzer_Murata_PKLCS1212E,1,Buzzer,
"C1, C4, C5, C6",0805,4,100nF,
"D1, D2",LED_WS2812B_PLCC4_5.0x5.0mm_P3.2mm,2,WS2812B,
J1,Display_128x64_096_I2C,1,Display,
Q1,TO-92_Inline,1,BC547,
"R1, R2",0805,2,4.7k,
"SW1, SW2, SW3, SW4, SW5",SW_PUSH_6mm,5,SW_Push_45deg,
U1,XIAO-ESP32-C3-SMD,1,XIAO-ESP32-C3-SMD,
U2,LGA-14_3x2.5mm_P0.5mm_LayoutBorder3x4y,1,LSM6DS3,
U3,Bosch_LGA-8_2.5x2.5mm_P0.65mm_ClockwisePinNumbering,1,BME280,
U4,AMS_TSL25911FN,1,TSL25911FN,
