Designator,Mid X,Mid Y,Rotation,Layer
BZ1,106.25,-68.75,0.0,top
C1,123.5,-118.25,0.0,top
C4,66.75,-120.0,0.0,top
C5,78.5,-120.0,0.0,top
C6,123.5,-112.25,0.0,top
J1,105.75,-91.4165,0.0,top
Q1,117.52,-68.75,0.0,top
R1,88.0,-113.75,0.0,top
R2,73.0,-113.25,0.0,top
SW1,63.75,-100.5,0.0,top
SW2,105.5,-111.75,0.0,top
SW3,146.25,-100.25,0.0,top
SW4,90.25,-67.5,0.0,top
SW5,84.5,-138.25,0.0,top
TP1,123.049,-79.942,0.0,top
TP2,123.049,-85.992,0.0,top
TP3,123.049,-92.042,0.0,top
TP4,123.049,-98.092,0.0,top
U1,104.5825,-138.561,180.0,top
U2,123.5,-106.6625,0.0,top
U3,72.725,-119.225,90.0,top
U4,87.6375,-119.4,0.0,top
